fast missile,
fighter,
slow missile,
bomber,
fast missile,
fighter,
slow missile,
bomber,
fast missile,
fighter,
slow missile,
bomber,
fast missile,
fighter,
slow missile,
bomber,
fast missile,
fighter,
slow missile,
bomber,
fast missile,
fighter,
slow missile,
bomber,
fast missile,
fighter,
slow missile,
bomber,
fast missile,
fighter,
slow missile,
bomber,
fast missile,
fighter,
slow missile,
bomber,
fast missile,
fighter,
slow missile,
bomber,
fast missile,
fighter,
slow missile,
bomber,
fast missile,
fighter,
slow missile,
bomber,
fast missile,
fighter,
slow missile,
bomber,
fast missile,
fighter,
slow missile,
bomber,
fast missile,
fighter,
slow missile,
bomber,
fast missile,
fighter,
slow missile,
bomber,
fast missile,
fighter,
slow missile,
bomber,
fast missile,
fighter,
slow missile,
bomber,
fast missile,
fighter,
slow missile,
bomber,
fast missile,
fighter,
slow missile,
bomber,
fast missile,
fighter,
slow missile,
bomber,
fast missile,
fighter,
slow missile,
bomber,
fast missile,
